{"cameraMode":{"drawMode":0,"name":"Shaded","section":"Shading Mode"},"sceneLighting":true,"audioPlay":false,"sceneViewState":{"m_AlwaysRefresh":false,"showFog":true,"showSkybox":true,"showFlares":true,"showImageEffects":true,"showParticleSystems":true,"showVisualEffectGraphs":true,"m_FxEnabled":true},"in2DMode":false,"pivot":{"x":453.59600830078127,"y":131.68544006347657,"z":-29.697463989257814},"rotation":{"x":-0.04858335480093956,"y":-0.01738143339753151,"z":0.0008465846185572445,"w":-0.99867182970047},"size":227.51626586914063,"orthographic":false}