{"cameraMode":{"drawMode":0,"name":"Shaded","section":"Shading Mode"},"sceneLighting":true,"audioPlay":false,"sceneViewState":{"m_AlwaysRefresh":false,"showFog":true,"showSkybox":true,"showFlares":true,"showImageEffects":true,"showParticleSystems":true,"showVisualEffectGraphs":true,"m_FxEnabled":true},"in2DMode":false,"pivot":{"x":0.7401437759399414,"y":1.167252540588379,"z":-1.6980311870574952},"rotation":{"x":0.19406557083129884,"y":-0.3904768228530884,"z":0.08458136022090912,"w":0.8959493637084961},"size":11.097784996032715,"orthographic":false}